/*
Navicat MySQL Data Transfer

Source Server         : localhost
Source Server Version : 50527
Source Host           : localhost:3306
Source Database       : yunkuo_cms_2014

Target Server Type    : MYSQL
Target Server Version : 50527
File Encoding         : 65001

Date: 2013-12-07 22:54:05
*/

SET FOREIGN_KEY_CHECKS=0;

-- ----------------------------
-- Table structure for `c_article`
-- ----------------------------
DROP TABLE IF EXISTS `c_article`;
CREATE TABLE `c_article` (
  `id` int(11) NOT NULL AUTO_INCREMENT,
  `category_id` int(11) DEFAULT NULL,
  `title` varchar(50) CHARACTER SET utf8 DEFAULT NULL,
  `user_id` int(11) DEFAULT NULL,
  `create_time` datetime DEFAULT NULL,
  PRIMARY KEY (`id`)
) ENGINE=InnoDB AUTO_INCREMENT=20 DEFAULT CHARSET=latin1;

-- ----------------------------
-- Records of c_article
-- ----------------------------
INSERT INTO `c_article` VALUES ('1', '0', '3EA1B5VI4VPM8 CJK7XQ9HL3H41B55WV8 D7PRW03A QRV1088', '10', '1919-04-15 15:12:53');
INSERT INTO `c_article` VALUES ('2', '4', 'P0CH2E8D5P4M7QPBL55YRSIV4J7LU7C93XT63CQTJ3BD0WHS O', '9', '1702-10-16 13:36:08');
INSERT INTO `c_article` VALUES ('3', '17', 'P4B68EAQTIEX78PUHFGNAOU3GGCYO27MBLC5PXTJ24M7Q3UED ', '12', '0414-12-23 03:19:56');
INSERT INTO `c_article` VALUES ('4', '7', '97OGEINRD4FXDPSSW1 LKX8V G8OKTKYGDO9KCA K4YM5CLBDB', '4', '1143-01-01 08:38:44');
INSERT INTO `c_article` VALUES ('5', '2', 'HIR44FEJUO2CHIG3M04ENEV4D617HT24ECBUG Y72W1MLC T 9', '13', '1259-06-20 09:11:00');
INSERT INTO `c_article` VALUES ('6', '16', 'T9XOE SR95G8MICXLLGDV2AQI59MGJ6 4NLANUH7HUMPQ490O1', '14', '0001-01-01 00:00:00');
INSERT INTO `c_article` VALUES ('7', '15', 'VUXMBCSUYXE8518EGN0JJISDX3D1DJIHOKHYLKKOO7Y86BGIXO', '5', '1850-11-23 14:11:24');
INSERT INTO `c_article` VALUES ('10', '1', 'S3IIFVILH1L J9YCRNTRBVOWI9DK5SG4FEYLA84G915QW5CGQQ', '18', '0862-11-30 06:18:12');
INSERT INTO `c_article` VALUES ('12', '13', 'V0REDX5KLG4M2Y8 GB0VNI YM9AA1MK3TYNG57HSBQ636Q0M1X', '19', '0558-07-04 03:59:59');
INSERT INTO `c_article` VALUES ('13', '5', 'FIJYW3A6XJB TVGRDBOYLA MPFLVAOJFGF2AG15KFM76G1LS3Q', '0', '0320-11-21 02:18:14');
INSERT INTO `c_article` VALUES ('14', '18', 'MVW4G E3121MU2GU74SU9EXPDFSCAT8YD0WS7F1L8CUWAXCAY5', '16', '1625-08-21 12:56:35');
INSERT INTO `c_article` VALUES ('15', '14', '0I1IRXG 4EBRJ1687TFJGV4XFENACHB T5EMG5G2513TKJ20V0', '2', '0934-10-08 07:24:27');
INSERT INTO `c_article` VALUES ('16', '6', 'T9ILB7TECEWMV3T1A Q37HMKGFSIKBYVY551A2B448QS5GDKBG', '3', '1438-11-05 11:07:37');
INSERT INTO `c_article` VALUES ('17', '19', ' I6YAGIV87YSWKWFXRTHB4S5JD0WWBT7N8SOQUHP2NB7WT15D0', '11', '1311-03-16 09:59:06');
INSERT INTO `c_article` VALUES ('18', '3', 'U09 UDO0AA5COLKQFSKAL7S0XE29EDHQEIGD0CNPOF4K6OAFTN', '7', '0680-03-07 04:47:33');
INSERT INTO `c_article` VALUES ('19', '10', '1SIT3VHB8GFJWH2WWYING8LYACNR7TWV 1N9G0RY4OLD65JKVB', '6', '0215-05-13 01:14:59');

-- ----------------------------
-- Table structure for `c_category`
-- ----------------------------
DROP TABLE IF EXISTS `c_category`;
CREATE TABLE `c_category` (
  `id` int(11) NOT NULL AUTO_INCREMENT,
  `name` varchar(50) CHARACTER SET utf8 DEFAULT NULL,
  PRIMARY KEY (`id`)
) ENGINE=InnoDB AUTO_INCREMENT=21 DEFAULT CHARSET=latin1;

-- ----------------------------
-- Records of c_category
-- ----------------------------
INSERT INTO `c_category` VALUES ('1', '92PX7 8E3B7ITR9TKS2YQGX661O6Y6W91E0SS3XFNKF3CGORH0');
INSERT INTO `c_category` VALUES ('2', 'P254L8CN3B2JD6XWTS50TXAF8TLMYKR7STASWFAV1RWJ4D7M2I');
INSERT INTO `c_category` VALUES ('3', 'W0PDY501KK1UF7KVOVPTIX3R9W793OQ4UYFHYQSC57GYS5FXHR');
INSERT INTO `c_category` VALUES ('4', 'SGVLBD1SCKOGTUHEBXPQLS7NYLJK4GISDQF4VMFRRMGA1HXFNJ');
INSERT INTO `c_category` VALUES ('5', 'RNVPO4MBCY5WBWN82R0279AENDX2NAO73YO5ITRFJYML1CPMTB');
INSERT INTO `c_category` VALUES ('6', '7M7CO82N5T68CK9D5XJJSWEWPQP3 NPCJOW3U47FN7R 22JBVS');
INSERT INTO `c_category` VALUES ('7', 'MC9631EBBBXVIJIAJLY0P551SGHLF3YY84E106W3VMVKKI2MKA');
INSERT INTO `c_category` VALUES ('8', 'I54W5SL5XNA7T358C ES PSWRUPGIUYY5VULBURI9V7WUFCCB0');
INSERT INTO `c_category` VALUES ('9', 'T6H8RVMWBFHHNXCC2VXHS04YQ6HXK0C82FY I36TL5JWKQDEOT');
INSERT INTO `c_category` VALUES ('10', 'V3DHTK4BORQGW29K2IW8CAGQS2SDWNG76 A SS5CQWT4JA0I7C');
INSERT INTO `c_category` VALUES ('11', '0TYOT0SIE3TU2K79AFL1K6D2UFXX9P9HRT7S62Q3SV95W7N6T ');
INSERT INTO `c_category` VALUES ('12', '3XS0S22BF2N9NGP44FUP149YYWHDK2Q4AGRRLFPR9DXTEFNRKQ');
INSERT INTO `c_category` VALUES ('13', '5ETDK9G2CVHVX73IVQ9463QHRXHYNNVPKDLD24HSGRRXX4MWXK');
INSERT INTO `c_category` VALUES ('14', '076HHQH94R  U C72Y453U1093 GG1AHVVY8IVAWV2GCKWLYW6');
INSERT INTO `c_category` VALUES ('15', 'QRYNM48Y TUFC6XQWPK28N J RO4I6782RD5OVVKKMR8MHQW7X');
INSERT INTO `c_category` VALUES ('16', '2JDO9SNF2O9U1BOFCBIFOWYIT4D41JAQ7ALI8SYRKESHSRJPQL');
INSERT INTO `c_category` VALUES ('17', '5VBEJ3MLAAQD0JXSMIAQMW 4329FUBNP6DM2ME52OP  K I4W8');
INSERT INTO `c_category` VALUES ('18', '3VFODR00IR77JKD960HUV9SRLG1W0LANFFN43R58OI9KSR3RUP');
INSERT INTO `c_category` VALUES ('19', 'JOQD9CI1BJX438BWUTHDP90QLD21747VHAXVMF968SXPKL VDJ');
INSERT INTO `c_category` VALUES ('20', 'TDK7LCP5MIDI9HPY16S8JPJCHOJI HWMA6WC9VWO9W  VVX6WO');

-- ----------------------------
-- Table structure for `yk_user`
-- ----------------------------
DROP TABLE IF EXISTS `yk_user`;
CREATE TABLE `yk_user` (
  `id` int(11) NOT NULL AUTO_INCREMENT,
  `role_id` int(11) NOT NULL DEFAULT '0',
  `username` varchar(100) CHARACTER SET utf8 NOT NULL COMMENT '用户名',
  `email` varchar(100) CHARACTER SET utf8 DEFAULT NULL COMMENT '邮箱',
  `password` varchar(100) DEFAULT NULL,
  `last_login_time` datetime DEFAULT NULL COMMENT '最后登录时间',
  `last_login_ip` varchar(50) CHARACTER SET utf8 DEFAULT NULL COMMENT '最后登录IP',
  `login_count` int(11) DEFAULT '0' COMMENT '登录次数',
  `status` int(11) DEFAULT NULL,
  `register_time` datetime DEFAULT NULL,
  `register_ip` varchar(50) DEFAULT NULL,
  `reset_key` varchar(50) DEFAULT NULL,
  `reset_pwd` varchar(50) DEFAULT NULL,
  `activation` int(11) DEFAULT NULL,
  `activation_code` varchar(50) DEFAULT NULL,
  `error_time` datetime DEFAULT NULL,
  `error_count` int(11) DEFAULT NULL,
  `error_ip` varchar(50) DEFAULT NULL,
  PRIMARY KEY (`id`),
  KEY `ak_username` (`username`)
) ENGINE=InnoDB AUTO_INCREMENT=21 DEFAULT CHARSET=latin1 COMMENT='yunkuocms用户表';

-- ----------------------------
-- Records of yk_user
-- ----------------------------
INSERT INTO `yk_user` VALUES ('1', '11', 'KYIQR5H0PK8LSN45CB3BSO60JH7SOSM676EBA8A4PX6N5QRWVMFAYENUL7IMEMRLB07M08NXSO588T04UN 6DYG0DIWS4P6JBGAW', '1LKIFVJBYXEWLLRV4KELYIVF3ROSH4R4XLYE07SC5HY298V830BBOEFD2I6MR9OGX7HU0SN9I3QNRIWOI7L25QSS1WS98WE7V91C', 'EOBH08BSN1A5DDG3FMC8861777BYJG8LD1NC7 D0JO2BBI7E1WN68K5MBQUU8OPNYOUQOMXI31O4 O8RO8YA390SBGAAJEO9P851', '1409-12-09 11:06:29', '654MFR4RDJRFWR4AEXJA8FBV072RU BQDX3G74GL YIBTAY9KD', '12', '15', '1342-12-16 10:17:00', 'PRM4FP8B8HOVMGGSF99AQKSJI7 66N26FB8WRM8IP3MI5LU99P', 'H31JKVGKB7BV9E9KG5ETI03RY7AEE91JBU4RR1AXBNBXPVAE9U', 'OILUDO8D91Y  XEMXNXDOSS N2YY 59P5JB4FO7 NCDMIKTAED', '1', '949EVTFHEKPNRWA235LJ1V3EOY1PKWX4X5KQIT G8W0AS3WV4C', '0430-06-29 03:04:55', '6', 'JTALMJEX28IM4VHC1LHG3HR 3WUV1O8IUPDGORPLGN6U5HEMTN');
INSERT INTO `yk_user` VALUES ('2', '10', 'OEG564HEJ5KC JFQT2I61YP3PE71WCQIUMXOCL1IQBWU MEDO45DOBQJHWA0HPLBQXQM4C7GJANJ7O827BJU4J5L8A7 EY5S42SC', 'EWK1MSDNNMOAD26UDYLEKXWGXWWX7FGMG L VGA7E2VQSJAP47EEJOQSRNJWGKCPWWU1DKKRU1ILE5W7GX3N09DXNY6SUY3ENDIX', 'HHDAHRH8GOOQT5Y1UXKAVCHECU9CPSDHPD1C35AA3YS46Q4LW1NWMVWJ7FPYIGYP X2XLM36W7RJKL2RHF FNKR9EF9YYO61WR49', '0932-11-22 07:12:10', 'KW0E2PQ68JAP8123T ID4E9OBCMMA55T NY206 MNX37T46GNB', '10', '1', '0972-08-23 07:18:03', 'PETRRJQ5 N 4VS1IIMYD3O568UKQJE0 2ADX1KGLIVFNI3C4WS', 'WAU8JTJKQ1IT4N32JRXADU3RXQILPWXXDXQ2U1T5WHRNJU3349', 'S2W7388L20JOWG7ECI9UN9 YAKMC8XE3WFK8LH4GW1YNLRK9FT', '18', 'LPHGJY7VF5D WNK3V39BDPCSKOJT1BRM4X07Y8LADJMKI18EJS', '1945-04-11 12:20:11', '3', 'ANCY02D6TGOGNBLJDEAUU6O1GRV3 6CDMN957WVGDU86PY8LVT');
INSERT INTO `yk_user` VALUES ('3', '14', 'FLYNI84D2 2FGUKAX8GOL E2 TJVHB IPIXJL7TQWDF3SMGIKWR03ITUW5TRE DRFBL8KSY291N3ARWCH3EBIP71M1QSJY2K98L1', 'G16EA0NOHUIQ3BGS8X5XO C9TU24L631CPQJ2BPA9YK8S5EPKKW59PR26VP0OHWQD1UEIRSFKAW9P3TXWHX0HQB78PEAUDBE1W2I', 'ISTQM08UUQ01BMKMJVGM3B7 IQJMTN4UNOLGRJJ3L5K TKIMEAPYDOE6JDLLMQRGPR35RFYD6MLNN2DCVX5X2RBQWL3IPJGGURDT', '0556-04-24 03:55:11', 'TNVE27AC27FNWYLQG5WEKQV KAHNRN7T3EUM004A41AHXDH6JS', '5', '18', '1528-11-16 11:50:39', 'WUTEDGG7D9J9FB1F0FUVAJRJ9 R718CIQS1NHWFM25S6VETRCN', 'UJNJN9NWCMUSJXGE2ENH5E9N7D62FT2SLQP7V805WRDM150GJC', 'FTHXXRT5K2SN Y381GYAO41J1X5VXOQ6QGTFUN79IIV363X2DT', '2', '2PQY6MA6DLP5QQHL5O7PBVB90UXA2LDAMPIN78BU9HV1E3WW9X', '0667-09-13 04:18:02', '9', '7S7I0UF9P R4LRCHJWW862AQ2WIF5ULSLM76TVH 4HVIP8KNHU');
INSERT INTO `yk_user` VALUES ('4', '13', '844JJQ43EX7Q84 CG0QQS4 GSSADMQCRH39 WDGO99P6UPQ8B45YQ22NDFUUGIW0NYM6OH25D8FEL6XGV3LOJBL8C9JJWXCL9G4K', '  FRY3GPQBVKYOF RWWUA194ECWCALSXU52UC4L6G3PMBJ7RD2T5QMKW1XRWB19F0J25D8D9RQ60SR10VQSOHIFMXFQLP4HBXUDU', 'XYOIA5HNKCB4YXUDYETO4JC5LMOXD226XFIW204MTDUO5IW0 DALWHC2P0GO08MIG1ISFWD1 2CCS3UB08DTIUEAQ1WNHERHQF5Y', '0134-04-24 00:38:15', 'YPL9XO2FGXEN6ABYRBEMCLGQBKTGT8I9XRRT4WDU9YJ4VUCJ2S', '14', '5', '0479-01-12 03:01:26', 'XV9Y02KIS NHFLBC8L84WY780Y9MXBJDWL2 EECH1Q5GM7N2RP', '14K7EUUGWTHHK90GWW72SBH6P3YTLTHIG14L67RNMAETHEG15E', 'YAB4HXNNBVV40QCUX79Q741IDMD83C9WDJ4J09F8QV3AAMR PJ', '19', 'REACV4NHHTXPU620YM1VB UOOLIHLDT854MMMLLF0TX70LYFPG', '1329-03-28 08:32:04', '5', 'KF2MNJHV3LD8IHOKFO4MSHV947Y F0U4IKO8 R6EETLTW0I4W9');
INSERT INTO `yk_user` VALUES ('5', '2', 'QA76HBRYTW92WJBKF 7RCKC5G79H2RLX5MSX4LVAIOYN3HUT9FFND9CBAQC2YH450UY20VLP2S8RWXTSR7IA4QDC70E1JPS7YDQX', 'OIGC7I0Y3HCPPQ6K9XCB54A4 SK1H2P RGU4UV6VBHT3GFQHICD4S6159B38T0CYMMWXGGCKULMJUT7G U25DOR5YWRA09SMHKA ', '41OUY34PDL7QVECLMFS2G20NSJPIMXSS7H4 2CJVKCF3AMPWE2GUMA34F24LPLJL6IVWN2 KN8IMNE7A4DW5K5EK4D7QST2UJ LX', '0475-11-21 03:24:09', '1KC1HKI415JSGOA4RXP5V3C3UMK31M6HXOW5UFAFN4TICLUVCK', '17', '16', '1076-03-09 07:46:50', '80QRERPVRM01CDHY38H1QY11AL9R  QD5YX110RJKKA34BHAXB', 'WM9H8UEWHH78OPI7HX7E TRH1LU185OXCB006ES7F2EJO9KWJY', '93GEX0928LWO3IARFNKOEISOOARBSH02XXT3E3BTA 5O LXHUI', '10', 'SCUF0KFSS706UYCH5DLWVGA3D90EGOPMCI2U565HUUIECJGTI2', '1735-03-01 10:48:23', '16', '  L20KQNWFVDIUQU1372UUAE8LU0F5UD 0GQS2S9QBGI9R9BQL');
INSERT INTO `yk_user` VALUES ('6', '17', '891K9THV15DIN AISENOXR17D9MCHO2SG2V2RN 8KF6EL1POIMNG39OWOVHU  3IQ19K01AN86X6FYHHIHEWIV12G0S0LKO7WXA9', 'UO715X5UWB2QDVVMNRG8P0 HXE6VU3TNWKLV1T59Y5BHIHU7JMBDG7PYH3WYNT8JTI06SBVVGTH290YRCKQMO77I9D R1NUEBKFD', 'S5XU8764X6XN19M00E3S2XU2S LWMQCCGCSWFAHV9L8KNQF3KVHDB1L2TXDKISX3VQ062WLD2HG51BEQ08QUI9XIS6YCI40NYQK3', '1173-10-03 09:51:56', 'OCCOS2AF7J3NE53O3LJ05VCN2KVNVKHFTP3OKRS4594AJGWH2P', '3', '8', '0001-01-01 00:00:00', 'E03W9Q741PO5TV1VARXXUOCR Y0TKF9PJ08EAY9A5L TVVO VP', 'R3JK YYVMM5CAU780370PK8BJ9GQV47R6IM2Q9R59UXTC4U23V', '66C95FI7VO40GJGP6N1T2QWH0A1HNJB1 5XMGK01FE1EHREFW1', '16', 'G6  9SEHUVOSB3D AHPE96LKQGJBXGVUSJLP7MNH1D19R0BLTX', '1533-12-18 09:34:55', '7', 'GMD38GNDIHUPDOIAVQD4GOBD2JF8N6 9OWCK2EN3SK5N2L44I7');
INSERT INTO `yk_user` VALUES ('7', '7', '2L67MTLNC77OQ0WASK3QH82X78NOES97 XSBFFPC6P4XDR7BEPE48RBJ9RDXNO4GE4H2MTNA7J167HXX363DC7K0HVXR1V60EC27', 'VB8WC6GLVPBV65W30TBSR8A3I9TUHGH6RLKKUX4DRI5A417CVUNONNCFJ0PHQKOXFF2B1TIH8X8PTGCM3M42M8PGSKW PGLA8Q3J', '  6JAQE3IC284TI1L9BX8C8IGQSM483TR8XYFVLX9A9AYLCYG67MHE UHNSW50E1VXUBEMXLWQRVQ6YWFG5PSI64MFP4DSI7 F65', '1799-05-04 14:55:48', 'TO1KJUGLSAFE 7KNQTVAW7ES4 1I5KCUJX3CCO81FJE3I29UYF', '4', '6', '0636-05-27 04:09:19', 'NEGDWHQQJ 2IIFWHM8A17JVPX2V4JVNHC4KY9CGNSXE8M55WJ8', '9U1G7RV23PMFXH4W3A IW2AIW 0T3GT5VO3MB8 APW5EVG3XQR', 'D68Y6O8I8OYFPEAXS8 I4AKECAKWLCA00M28I4138M9SM3SH0M', '8', 'OG1J2YRTKPFAY6M4YL81OJRJD7XX9I63D8H3YH57EDUKDDN844', '0556-06-18 03:50:17', '4', 'SSW5FM50AD3DI6DFPO 2Q8KYI7CCG2R7A05VNAK1G1H7H0O0TX');
INSERT INTO `yk_user` VALUES ('8', '19', 'LJ3GEJJJC86BWRUFDFYGYBT7LQ64FHTO96FP3OQDQXVAJ9UM 8QH HT HBCBHKOMUKQ90R7 6O BWS6HS50E28V8UPBKVYL4FTXQ', 'HFK7X2NLMPO5K812KREN4YEHL3CGRWN3CPTNHNSDPCV3F7L E6OMKO4O08QT6NIAQ7PC0CP3VBS0S8M PCPHPAX37NIBA1N89IN8', ' U6R3VKMW5JD2F7DK78IOWBKW3OXAU8H4JC QVKF4W3D6H7AI2BV95BT5KIK4IRBLVLU1M8BQOUQFDVCIGE9V4R0V0E1ECT NBUT', '0001-01-01 00:00:00', 'G6A TO9SQNTOMBG2JKNQTE756CMB6KCGSB1PHC2SF0OFKLQ9CP', '2', '11', '0545-02-25 03:25:08', '6A4P546RAQLCG6156R4H1BSODLW85OOE1 BWR8S9NPARSGQ43L', 'YCCQSFCU7V1N9PT3CR3YSK3CY9Y2SEP502SUH3RPW33W4TLH8I', '13CSXQEFX0THKE7R6CYI0F8RUDS1IT9H3LVN5LE7F31C0GOLLY', '4', '22YBL8O5XTO735FVIWQBXFTOJQU4LGU DD95PXR4OV25AXMQA6', '0986-03-26 06:39:17', '10', 'GA54CAQJO8E946SQ2LMOSUHV8S4F5 5KEAWLIYQM6OXLUD804S');
INSERT INTO `yk_user` VALUES ('9', '12', 'NI2U PWBGX1IWA8DWLMQ1X4RQY6R3X04P0OS2JOFHV1YAIIM A D8V7BHOQFUR9CBW8YMEWW7AVV6AVF4X7LGELQYXRWQG6EOS N', 'IYC1RXDKQMHCQDKULPESVR57UVLLXRF1LJPDCK7PHA36SDGSF8989 EM3 U4TJC2063 1F127L7VX8RRJ265MU CNT53MPMBJKON', 'QMVPO3EFYWWQ7ALHNIAU9NK43CEIDYXBE3NFA5OGH Q3RF5A7XL1FDV CLQIT4M97WG6FRIOQ7H 6VGWG1D0E0BESOFOSKQ171EU', '1598-02-17 13:02:02', '9G7TULEEOW63ONQ9VMX7 E6R597VSNW0UTW5Y4KI79XDUQK2PC', '18', '7', '1160-07-24 08:14:07', 'PJ42SMAP0PT3J8WGVAMQPDSQL5M24C83D6VELTR2M408UK9F L', 'K M9UJWQT0A WSO8GP GO3C8UP1GSLJ74NMNJT2UVU7LDPFH00', 'KM631JC81R1D3V4LGX9NO2SWMV7G9TKILOOP2F0DHKUQ7WVN67', '9', 'IX336P G4L2BQQB8024VCK0P55WR9XIURHMT5VCWJTDYP2BXN9', '1195-09-15 08:06:47', '2', '602YF09TCNKWNX2G4A3LHVXYKLIG42L7DQTVOP80XQAIM762U9');
INSERT INTO `yk_user` VALUES ('10', '6', 'SVR1R211014ME6BSY5Q7BTD1R 1D1CIY9OGE89MRA5339RM7EP4L5CLYCPSQLKPB4AWX2WG PE5S0NWWEQXDF62DL1SV33I5KBLB', '8V3XJ7SO4C OS418X 5189OCQ O7NK54A8NK3UAGKJGMP822X5CN7LBX06WQ4ASW0HYTFPYC 93X ADQC43KJGSS80L0CRUBIHL2', 'DDSI1 7D5KQVSVFK53EWB5AMK9X14W7GHJ4A C6SREYL4R8Q 401CHHXH 1FLXTDKBQP8W3NVXLUXX28MEQK5R1QIP9AB UM1Y8A', '1000-11-09 08:19:15', 'A6WFL DDL8TTCHELMR5TIBHUU3I95CT2KQF45L65IEJCM2LS3I', '6', '19', '1847-01-17 13:14:36', 'UA EFWYBOS2IIBIKTECFRS995Y2M WJVKTQJ8NOPIC2DDTS989', 'LH5W8Q3OTLMLFHIIXJ70UIXWLGS1EA7F4YRIA4VFTCNJ2R BUU', 'JKMK66BCNRS5I9F8KTVGQ6 7HDOX3A27 E82J4IOAJF8EVBX1T', '14', 'R93M7LUJ45SSHSVCF AWGIBUFPPS8GPYW1VN 0ELY7D6H3H86P', '1976-09-27 00:27:43', '8', 'JD5I0X3Y7EBPVX 1RNPDQ5LCKPIOCVLJMYG4W6Q6YEXFQSJML9');
INSERT INTO `yk_user` VALUES ('11', '4', 'CC2L XBHE0A0A 95AWE8JCD3XS8080K4W7PS4NL948UWAR3Q5OV4PO2W47H6HXCHBN0HUGHSFF81I64382J8XMF74Y24XNL2818F', 'W8U1C5SETR4S5W7P2I0CGDH9M72CYW5BAQL6 SNYJQP6E4JLUAIHKB8OWNIEK4GE752OAI8KCF0Y0VKQ2DACR7Q8RLX70H7JNQVV', 'I4WYN7A1PPUN90KYXHDLS2VS 4O9 5NLP0180EHE88TV3D 7XSRRU9R1 U6H18OEK6ME414IORDNGG9UME58Y6UVYI 6HLMRB69W', '1087-12-02 08:56:09', 'FUVW430F65K4YCC NLG0XU11MR98B8S65YD2LQAPA8FX3S07D7', '7', '0', '0332-07-24 02:09:46', '36H7O X0SMF9N8NA9HB2CMOFCYR36CA9LKJ2XXRF03RAWC6DFL', 'WVYGM8JFY4YC QVAQFHIH D3AW5UQG7L4ISUJTL8S DL4 O5TN', 'DVEGM2U0VIDO R1AQDHB6J1J526 L67YOU82YBQUGMEHUECSA6', '6', 'CR2TG ACDWU3HA4UGORUW7GYURCTM8XDY84B9IEKQTSQY3031B', '1412-07-15 09:02:36', '0', 'NG9FEXBLH2Q0ER44E6HQ13G9P6X9S2M729AWQLBVHWWR9AJBCJ');
INSERT INTO `yk_user` VALUES ('12', '9', 'NE17X5D D5CO2F2DCUBOP74J943SAHVK0HDFQQWS2HO5YYXF94DR07OFCE3S066F2TX ITRWX59YJ8M9OE2 EF1A4N4VUJ9HX8GY', 'E32F6N98FKIC1GLWDOLYIS0GWIV08HIJ71G0W3 QS5SA 3N6JYXWJ69AT2B66RNIQ5J 3D9DHI97BFYK U8HV1T173HWHX3GDGH0', 'BMKWMEHO7OB6QV PPKU7TP JUQ3TRFQ2668M33RGWWLC7YDS9FB84U46OABF0XQSFV8V6HP488OUSRM616HW78U2Q761XJ1JHVCN', '0215-08-25 01:45:27', 'P8L3N ABUK5TLBT9IUJY0RV18RN81UF8838700OOCQMIDWC 22', '16', '12', '0773-10-27 05:07:52', 'ABSV1XOUP0K16W5X8L379I4I2RJCODCN507VTPSCBFI48V1FHS', '5T15  7988WN89GH82B46P0SOKCX6WDK UP0480NCA9OQAPT4D', 'IKM4T7N2RU9SV3E94770LYP98W FAKM0 5823JREJYJP3LHN5S', '7', 'ILXOP1RKERU7OWSPSEX8FNUHKE5KY5YE5NCR4C1CR2HPSLPEKQ', '0188-07-17 01:24:45', '14', '1TRWXUFVVW37ALJ18NHY2KNN7J1YL9QO EFUHLXV2LD60I2S5S');
INSERT INTO `yk_user` VALUES ('13', '0', 'CA0FAL7LS2 VND5 IWSNTIEJ TYMFC2IQ9 4TTJ 19HPUVD3XY0YEYSI55BEMK VIX9MH0PI2HMKDBU4N32OX6CRA27IR1YT60W8', 'RMDFKQ1SJYDLUFJIIWEVKMQTH0E3ACIYTJ4EX4GOHQIQ066HJ3YINT4QDTTMWW86J9072H B3SST9J8ATDGPWSPDQPGXRST2K4D2', 'ABSFNS0RBM3ACC80760IXCET1 DP6OCY8VVNMFHBU2 6FLILV2LNM2S NH949GD4E6 QVCS63FQKVE7U 6I0DUAPUF3UPY MQXF4', '0787-07-26 06:14:57', ' Y2MW2V47R8WH8A0WN3BK56OIAWKOO4KUTDLM1TLB69WVJSLX8', '9', '10', '1426-06-04 11:00:08', 'OMX7EB0KYN3E2MFR3P4LQX7 LBSS2AA3K4WQOJEBBK I51NBTO', 'SUP0W8J1YJOJV8BCDXMSDM9927R9F089UGDTYJLRH NIRIA83A', 'O0E T59C4M17RNMNWVJM4TPEWW5R975750MTEBRK6KVJDKU54X', '15', 'OHMEGDUW4LJM13953F152TGJIA UV6 6A3QIBB681BWVIVOP8D', '1329-03-28 08:32:04', '15', '1AX86CEIXIITTDL9JGLV81RPCFB1B82H4FWT2I CTGOHSPYF22');
INSERT INTO `yk_user` VALUES ('14', '18', 'DRG0BSNYY9G4DAVPW9PYEKY2Y1 36OY5LDBPUAO11BC56MT45SWKR2H5MMIJO8DL7DI7VWP44IJ3X8M4GPYET4AI14N4 LQIVWQL', 'G3BUIPAQ1REF60 TXQHBMYHK8EGR9SLUJ5BBQR8NBKH1DEPSOXMMLY6NVKAWJX9CHG DLRSK552RFMM0 F0VQDLHGDKGGKOK7HC5', 'VYP6MKY5UE58K6QH3KFSQ8TCS1A DTUO26FV5M5QVS616GFK2Y1EPGV7S7K5GY12TG7NJOERVADQ14EINDJR7W283UP98CJCP1JB', '0720-08-28 05:24:06', 'O5ALSS8FP4D TMH550SCVOLL4HL59VOJ0YRVF85EKEQ6B26WM8', '19', '17', '1746-10-03 12:51:40', 'DT9IAULEBK8B8VE9NXEKEYRJIK 6I21758VEL02R91E2 BWNYI', 'IS03SB26JIJIN55AR242BJWMFAAAI08KHOQN6QFBSKOM6S3HYI', '7K0VOL19PTC76XOJT0IBQ JCO3RPMIKKUTJRHDXE0ONCT4AWRK', '17', 'W8Q9J1D7EK23 ABOXOV829RP8ALPI08T9VC4RTKFGAG22DIKEB', '0881-11-17 05:44:13', '11', 'QMIDF4KS3HGGF1455D5CW9J85QU GCDL01292LR1HH4A0RTKG0');
INSERT INTO `yk_user` VALUES ('15', '15', '1JW03 HRAODTCO0C3KC8 G2V0D2RMC6GQTFTBRNGKAINCP2VP VP14G87DLOPCY9DLM2NG4  73KG9 P S1U8SL7VTS52GB8PS1E', 'M8WPQ5D6460F2W5IEC6U8FFXFAHGQGJG588KMKY4IY39VG9J4 LF7 L9GTJSQKKRQ8XB4HA1GWCJGIEQKVA5MNC24CVGCQP8OL7E', 'PKGRTGK93PHKTWPUAFNID2GI35YT4LJMRNE9GQE0GKMDBMKUF0 5M6LQO9EKBPSXHNOF309O9MO6PCUM7OU1UJMFOTK0VH KXR1B', '0640-02-14 04:20:15', '40LQ4P9HEPUDVWNSTFDB2P 51T1GJ5JKMMJP6RAIS9WY142JSD', '11', '13', '1213-03-06 09:21:01', '7 NQ1S37T5TV0 LSOFUC2Y8O1U0MOI8C3D7Y79HX28G XQ9Y3Q', 'ACN1YDMXXR7OPDCL 9K6UI67PENCSVAD6WB4SG3IDJ6EBA58QB', '1BTYF5KSVNIJU3GG9WK4M 0UXBS94G LJXXBIHB4I4Q9AJOLHE', '0', '1GT86U30S7BR08WO8CJ74DV99YDBRO0UGOSS9RFP1QFEU22DMU', '1834-02-14 11:13:42', '17', 'LS7WKCAADJXBJAO5OF975KGCJ5G6MFU1X0GVRRY H8XS7MTAJ0');
INSERT INTO `yk_user` VALUES ('16', '1', '5VXRS1S9KD83ARDUNULAHGL2VN23X5279D56KID0FHNB VLM5GNSF0C9RPHUIE9F4S85FHI 5OQPSUHC09CI6XJ1WSCL9H12MOS1', 'VHBLDFUNNUMY54FAYDVDJNG4MXE0PHXMYGC6F6S 9SNJQ4RPU7L5AARINM2YFCS4RDF6SNU94OYTIO Y8OYL84ALE0FGFMJJBBIU', '3WEOG4JXSK7TFSS5OA6BW6SCO1MUTVQQUUUF GJQ6NFX2O3MSE3D5GTS289L54YN0PWWGSH3LCK1PWNRI2GWOR6NKYMW9C QU0EY', '1271-02-14 10:19:38', ' VDOV9H96F3D70WSE5CE YR08B6EL7JUI4SVUJ2UNKC72IMXS7', '0', '3', '1942-10-09 13:53:06', 'X6G4G61V8QA9OC6MK2 H56SS03TKXLTDYRDW9IEDS7IRW5NMME', 'SSAQ8JYDR X7RLHCIXP3V3J52U9XAG8LK2XE5IEVIPTUVVXRBJ', 'XDOYRYBQ1 QYH30FT2JIO729 K126RHUWX ETMCAD5IMJ74 R2', '13', 'CHNK H4X 1MRABMMLCXNKJTU9ELG9SFC8J I 398MRGBK8XS66', '1594-11-24 10:14:36', '1', 'ACUWOCI9BTTDO35 9AQMN G6NCI8VWKOYN9BLS9P4 IRMAPDUO');
INSERT INTO `yk_user` VALUES ('17', '3', 'LE3NF57AVG5WYBTE1ITUC4AIYDODALCFH8HBL3QDKW4VCP1PKF6UPX 2HIXAD6E8PHD3PQVID EO9KX D 11DFVYX0 PQ09L08VT', 'P85ER ELF64YKTX47TEN82TXQIWQCEIUOS62I8PUMKPGUTBI8JTQ9TD0KO5C7S729RXP6XHXC8OYQTWQI NO6A7P7BUSXN9M95OJ', 'K3KOD1RV8X6RDT WTEC0A4C85V73982N9YFWF32JQUQOO3DM 62M0NY8 IENUXIGJE10E ICE8T89J5LVFM57FUY1MR2SP8 N3U ', '1488-08-11 12:02:33', '9O 5EODB3M9FXIGW6TIXU0M1SR2RFIHCYCCIRKVAWJS9EUO132', '15', '9', '0212-07-15 01:36:36', 'TQOTYT9QW88BWG O 4U  3YRIJ9GQTAG0N QKHJBXW4HDG0APY', '6PO6EDS0J3UROR16IKD8WO0161I68LXR PQ83MU9J5CX6TDPON', 'GESPX4WMA5UP6LNGLGMHW0YHDM0XSROLKB15Q2UNQ7JK3LU7X3', '5', '56 B5I4RVHPFU54X5JUJMVMGE8T8 ORJ7WNXBS2URHV069SN9K', '0296-08-21 02:10:31', '18', 'P Q5DWBSOBE79AX 87JVXR3S TKJ NCRAC9AF8A2605E9Q1TIL');
INSERT INTO `yk_user` VALUES ('18', '8', '79HJ UY17NGBHHIFXB9XHS 4XA2UXQFKHGLU4RHVU3JBJAUSJHPSCJ5S1LWMD7K7518TTG5R0 7POYHSTAE8I BYWROY4VLWRH5A', 'C56KL59NJRM8LGEY8NB4TDGGGV AAPIFH5I07BK5NYJ VBWMCURCCF864QRYGBH94ERUTA K74HQ4PLXLG6MA48LH YL5W2NVDQO', 'WSA7LYNNNO9M2CK429X3SV856WGRTKFHAWI85LTT1380 S0V8J78YM I3HOBO0I7G6P15CVD87UCQTA2PKCOMJ8LF33513VCRW7V', '1683-04-27 13:57:34', 'AW6FM545XJ X5S49POTPJ25 II804KVF7MN4DUH 16OEOJOYFF', '8', '14', '0913-10-31 06:10:42', 'Q2B2DFCPGCS8YQJRND08ER9ALIFXJI2PCB9GM88PSHAU9TTCA1', '5RXTADGENW6K VVX8KYK552XCWT7EJHL739QPY5XE2OD4IDOTC', '0413GJ2I2IBF7K43XQ3IXATNNCDYDL8NYHOQDL26W290E9DW12', '11', 'WKVMJ0D469FQNEE1MDXWOXUXYMY9 SENXGHP3DU85BEUAI6XIA', '0733-09-14 04:53:31', '12', 'P7G7RLL1UB52VD0 AJCAL0M3QFODTMAXKK4529FHWGMJB2P4UT');
INSERT INTO `yk_user` VALUES ('19', '5', 'I0JVCLD538J6ELV8E913HRMI1L7K7L9LJP7S4D98XGH7LHSTRD81CY8J3B1JI3F T4MVI6DVUDIBB8NQODCRI8JQT4K0V1IXLL1F', 'X09NJF275 7X1KP0DNJT7HIMD9NEKTH DH1BC2UOO6F 9R5T0ML77E25HL0MKQH45NPI27J77M6K8E29Q5OVKJU29A3Y9HBWQFP1', 'NAC9X8XAJ6CGXM32I0D9SFQJMUW2RUE6Y3IM0SUPW LX9BEHW P2U9642NHHGY02Y9B H3LCJWK86SQHDCA44K KJDYCHORBB186', '0337-11-07 02:32:47', '7S4348B HE95IC7K8PHG6RI1IUG MHAYRJ61IWQVD23H26LM3H', '13', '2', '1996-08-12 01:00:12', '86965QM7SLXRD18B VK09AWO3JWP7N5QAE2R MHRL2VWBUCRSQ', 'VS33K81OJKIYWXPGBBF1VUNDGVT2S1F3VQ 8EIK0GTO 7Y0W4Q', '8MQYPQ WOPYLGJQYTXY2B2HBN9IQ 8Q94SS0YAS9MOB5DTD7JS', '12', ' HPDE91VVK27V9530LJ 2B3QL62N9RBJC8R2RJCJGZ145CQC31', '0001-01-01 00:00:00', '19', 'G3 9YMMXHH2S8NXAG52VYI3FY7G4IJBVITUMK04 PE24980M45');
INSERT INTO `yk_user` VALUES ('20', '16', 'QQQ3XY1MOVRB92299394MW45YO05WFO41BTQX6DEVWTQCB3UYJMDMQYFKSU7A1OW PIFA1PACCXYB201855 JL9MPPAF3T0W693I', 'N92F84CE4DRKC45QSPWD0P7QTS1C5SH 58QPVHNI481L8JG K2RTO6KNKW4C7PAMUN75XKR5O 23HES4PGCYX29L0LFGA6DM3IMQ', '1HHE6107IV TVBKFTXMFMPJ5RM8KBQMDFRBU7NP 6WC139TABE42HAFMBVB80OQ MB9EKV9VCPGFBG997NTM WOSC1EKY7QQR UM', '1864-06-21 15:40:48', 'LX66TQUR4945ARAC47XQT51KEVE1XNBA8OKU8HJR291 G46DPH', '1', '4', '1622-08-09 12:13:59', 'G7RPPUN1W0JGCD111MS7KLIA8HH1T5M7O92DOPP895MCNXEJ35', '0K547OFYM 3VPEP2T0RWO9YA59HRKRB2PEG5Y17PXLMYJCYC6Y', '7Y0ISN8UELD9XEJF8SPFH07CLSK DIMV3S3137F9E6NEGQLGF7', '3', '3MBRFYTPDHUKY8D9D1F35X8J8CJYFJNEURXISCJNOJLTGRQR6P', '1104-04-04 07:34:44', '13', '148UVGTE1B30RREHTVP2RYTA58RXVRPFAHI25WA0IIK1VI635N');
